Player,Pos,Team,Opp,Def v Pos,VegasPts,Salary,Floor,Ceiling,FPG,Asts,FPPM,AVG/36,STDV/36,STDV,ProjSTDV,USG,FGA,MPG,Proj Mins,FC Proj,My Proj,Exp.,Used,Con.,Value,Start,Mins,Score,Val
Karl-Anthony Towns,C,MIN,@ DEN,23rd,102.75,10600,0,24.5,51.1,4.4,1.51,54.28,14.56,12.25,0,28.2,17.5,33.9,0.00,0.00,0.00,100,,76,0,,,,
Luka Doncic,PG,DAL,@ PHI,5th,102.00,10300,0,31.2,53.5,8.9,1.66,59.83,14.80,15.58,0,37.9,19.6,32.2,0.00,0.00,0.00,100,,71,0,,,,
Joel Embiid,C,PHI,vs DAL,6th,110.00,9800,30.2,73.4,46.4,3.3,1.50,54.15,12.09,12.33,11.08,32.2,15.8,30.9,33.00,48.70,48.70,100,,73,5,Y,33,61.40,6.3
Andre Drummond,C,DET,@ BOS,3rd,101.00,9600,29.2,77.4,49.2,2.8,1.45,52.14,11.39,13.77,11.47,24.8,13.7,34.0,36.25,49.89,49.89,100,,72,5.2,Y,31,43.20,4.5
Bradley Beal,SG,WAS,@ TOR,6th,111.75,9600,27.6,67.9,44.2,7.0,1.19,43.09,9.95,11.51,10.16,31.7,21.3,37.0,36.75,44.91,44.91,100,,74,4.7,Y,39,55.40,5.8
Nikola Jokic,C,DEN,vs MIN,21st,112.75,9500,26.1,64.5,41.4,6.7,1.32,47.60,9.06,10.98,8.05,24.6,14.4,31.3,32.00,42.57,42.57,100,,73,4.5,Y,33,53.00,5.6
Bam Adebayo,PF,MIA,vs NYK,14th,112.25,9400,25.7,65.1,40.6,4.6,1.19,42.91,9.01,11.28,8.82,19.9,10.1,34.1,35.25,42.58,42.58,100,,72,4.5,Y,30,33.10,3.5
Pascal Siakam,SF,TOR,vs WAS,12th,117.75,9200,0,19.7,43.2,3.6,1.18,42.43,10.12,9.87,0,29.5,20.5,36.7,0.00,0.00,0.00,100,,77,0,,,,
Jimmy Butler,SG,MIA,vs NYK,2nd,112.25,8900,31.5,63.2,44.2,6.8,1.25,44.77,9.82,9.04,9.82,25.8,14.2,35.5,36.00,45.08,45.08,100,,80,5.1,Y,28,36.00,4
Kristaps Porzingis,PF,DAL,@ PHI,10th,102.00,8900,21.9,61.9,36.9,1.5,1.19,42.88,11.47,11.43,10.75,26.1,15.4,31.0,33.75,39.05,39.05,100,,69,4.4,Y,37,53.60,6
Hassan Whiteside,C,POR,vs ORL,11th,110.50,8900,25.3,63.8,40.1,1.3,1.40,50.34,11.90,11.00,10.16,20.9,10.8,28.7,30.75,41.83,41.83,100,,73,4.7,Y,33,41.90,4.7
Damian Lillard,PG,POR,vs ORL,24th,110.50,8800,29.8,63.6,44.4,7.6,1.21,43.57,8.91,9.68,9.03,28.3,18.6,36.7,36.50,44.28,44.28,100,,78,5,Y,36,46.60,5.3
Brandon Ingram,SF,NOP,@ GSW,4th,112.00,8700,27.6,62.1,41.2,3.7,1.22,44.01,8.29,9.85,7.89,29.1,18.5,33.7,34.25,42.39,42.39,100,,76,4.9,Y,37,36.60,4.2
Jrue Holiday,SG,NOP,@ GSW,10th,112.00,8600,25.4,62.3,39.8,6.6,1.11,39.80,9.38,10.53,9.45,25.7,17.9,36.0,36.25,41.24,41.24,100,,74,4.8,Y,37,37.60,4.4
D'Angelo Russell,SG,GSW,vs NOP,17th,110.00,8400,11.5,69.7,35.8,6.2,1.15,41.45,13.82,16.64,12.09,30.7,18.2,31.1,31.50,36.43,36.43,100,,54,4.3,Y,32,41.10,4.9
Domantas Sabonis,PF,IND,vs SAC,2nd,107.25,8300,29,55.7,40.7,3.8,1.18,42.63,8.75,7.63,8.45,23.7,13.9,34.4,34.75,40.48,40.48,100,,81,4.9,Y,33,37.80,4.6
Kyle Lowry,PG,TOR,vs WAS,12th,117.75,8300,28.7,57.6,37.9,7.3,1.01,36.48,6.04,8.28,6.33,21.5,13.8,37.4,37.75,41.08,41.08,100,,78,4.9,Y,41,42.30,5.1
Chris Paul,PG,OKC,vs PHX,18th,113.25,8100,23.3,56.3,35.1,6.3,1.12,40.28,8.70,9.43,8.04,21.1,11.3,31.3,33.25,37.43,37.43,100,,73,4.6,Y,28,27.90,3.4
Malcolm Brogdon,PG,IND,vs SAC,11th,107.25,8000,23.2,58.9,36.5,7.6,1.17,41.94,8.94,10.20,8.44,26.3,14.5,31.3,34.00,38.52,38.52,100,,72,4.8,Y,32,28.20,3.5
Kemba Walker,PG,BOS,vs DET,26th,110.00,8000,26.6,68.5,38.6,5.2,1.19,42.94,11.68,11.97,12.17,28.7,17.7,32.4,37.50,44.52,44.52,100,,69,5.6,Y,30,21.10,2.6
Ben Simmons,PG,PHI,vs DAL,17th,110.00,7900,25.6,61.3,39.5,8.1,1.14,41.04,11.48,10.20,11.48,19.7,10.4,34.7,36.00,40.92,40.92,100,,74,5.2,Y,36,35.20,4.5
Andrew Wiggins,SG,MIN,@ DEN,11th,102.75,7900,26.2,59.7,39.5,3.1,1.12,40.33,8.97,9.59,9.22,28.9,20.5,35.2,37.00,40.54,40.54,100,,76,5.1,Y,37,34.60,4.4
Deandre Ayton,C,PHX,@ OKC,13th,110.25,7800,0,8.3,42.1,1.5,1.48,53.12,3.22,4.15,0,25.6,16.5,28.5,0.00,0.00,0.00,100,,0,0,,,,
Nikola Vucevic,C,ORL,@ POR,18th,107.50,7700,23.2,60.8,39.0,3.5,1.26,45.26,10.54,10.73,9.37,25.1,15.1,31.0,32.00,39.29,39.29,100,,72,5.1,Y,33,62.90,8.2
Ja Morant,PG,MEM,@ CLE,29th,112.00,7600,20.5,57.3,34.0,6.5,1.16,41.88,10.43,10.50,8.91,28.6,14.6,29.2,30.75,36.27,36.27,100,,69,4.8,Y,29,27.50,3.6
Jayson Tatum,PF,BOS,vs DET,14th,110.00,7600,28.5,58.4,37.5,2.8,1.09,39.31,9.57,8.53,10.1,28.0,18.4,34.4,38.00,41.31,41.31,100,,77,5.4,Y,27,42.50,5.6
Devin Booker,SG,PHX,@ OKC,17th,110.25,7500,21.2,63.6,38.2,6.4,1.07,38.55,10.63,12.12,10.56,27.9,17.5,35.7,35.75,39.38,39.38,100,,68,5.3,Y,28,26.30,3.5
C.J. McCollum,SG,POR,vs ORL,19th,110.50,7500,18.4,60.2,35.6,3.7,0.98,35.05,10.56,11.94,10.85,25.6,19.2,36.5,37.00,36.30,36.30,100,,66,4.8,Y,37,47.60,6.3
Victor Oladipo,SG,IND,vs SAC,11th,107.25,7400,0,0,,,,,,,0,,,,0.00,0.00,0.00,100,,0,0,,,,
Serge Ibaka,PF,TOR,vs WAS,12th,117.75,7400,25.6,56.2,26.4,1.3,1.17,42.33,11.24,8.75,10.15,26.5,10.9,22.5,32.50,38.72,38.72,100,,67,5.2,Y,36,43.50,5.9
Ricky Rubio,PG,PHX,@ OKC,14th,110.25,7400,20.6,59.8,35.1,9.5,1.10,39.52,9.75,11.20,9.14,20.8,12.4,32.0,33.75,37.36,37.36,100,,68,5,Y,29,41.40,5.6
Tobias Harris,SF,PHI,vs DAL,19th,110.00,7300,24,53.7,35.7,3.2,1.04,37.34,9.40,8.48,9.27,24.4,16.0,34.4,35.50,36.69,36.69,100,,76,5,Y,32,11.40,1.6
Fred VanVleet,SG,TOR,vs WAS,12th,117.75,7100,20.9,59.5,36.8,7.0,1.01,36.27,8.62,11.03,8.5,21.0,14.0,36.5,35.50,37.40,37.40,100,,70,5.3,Y,34,41.80,5.9
Buddy Hield,SG,SAC,@ IND,1st,102.25,6800,16.6,54.8,33.0,2.9,0.97,34.76,9.44,10.91,9.18,27.8,18.3,34.1,35.00,32.94,32.94,100,,67,4.8,Y,28,27.60,4.1
Kevin Love,PF,CLE,vs MEM,13th,110.00,6800,13.1,56,33.3,2.9,1.10,39.67,10.27,12.27,8.27,22.6,11.6,30.3,29.00,31.49,31.49,100,,63,4.6,Y,28,36.10,5.3
Jaylen Brown,SF,BOS,vs DET,18th,110.00,6800,22.9,56.6,33.7,2.1,1.00,35.97,9.76,9.63,10.1,23.5,14.8,33.8,37.25,37.33,37.33,100,,71,5.5,Y,29,48.50,7.1
Jamal Murray,PG,DEN,vs MIN,25th,112.75,6800,14.3,57,32.1,4.4,1.01,36.54,12.04,12.20,10.7,24.7,15.1,31.7,32.00,32.58,32.58,100,,62,4.8,Y,36,48.70,7.2
De'Aaron Fox,PG,SAC,@ IND,23rd,102.25,6700,17.5,51.6,33.6,7.0,1.05,37.87,8.09,9.73,7.08,28.4,14.1,31.9,31.50,32.14,32.14,100,,71,4.8,,24,30.00,4.5
Jaren Jackson Jr.,PF,MEM,@ CLE,25th,112.00,6700,14.4,52.4,28.2,1.5,1.04,37.49,10.74,10.85,8.65,25.2,13.3,27.1,29.00,30.68,30.68,100,,62,4.6,Y,34,35.10,5.2
Julius Randle,PF,NYK,@ MIA,26th,104.25,6700,19.1,49.4,32.4,3.4,1.02,36.64,8.71,8.66,7.74,26.5,14.2,31.8,32.00,32.07,32.07,100,,73,4.8,Y,23,25.10,3.7
Shai Gilgeous-Alexander,SG,OKC,vs PHX,18th,113.25,6700,16.7,53.4,30.9,2.9,0.88,31.64,10.11,10.49,9.97,24.5,14.9,35.1,35.50,32.41,32.41,100,,66,4.8,Y,36,44.30,6.6
Draymond Green,PF,GSW,vs NOP,7th,110.00,6700,12.8,52.3,29.1,5.6,1.02,36.69,9.81,11.29,8.04,16.6,7.9,28.6,29.50,29.75,29.75,100,,61,4.4,Y,31,29.80,4.4
Jonas Valanciunas,C,MEM,@ CLE,24th,112.00,6600,11.4,55.5,29.9,1.8,1.21,43.48,14.85,12.59,10.42,22.7,10.3,24.7,25.25,30.29,30.29,100,,58,4.6,Y,30,44.80,6.8
Gordon Hayward,SF,BOS,vs DET,14th,110.00,6600,0,26,32.2,4.1,1.05,37.69,12.15,12.98,0,22.7,13.1,30.7,0.00,0.00,0.00,100,,60,0,,,,
Al Horford,PF,PHI,vs DAL,6th,110.00,6500,21.5,48.9,32.9,3.9,1.07,38.65,8.90,7.81,7.79,18.7,11.7,30.7,31.50,33.24,33.24,100,,76,5.1,Y,25,16.90,2.6
Danilo Gallinari,SF,OKC,vs PHX,3rd,113.25,6500,19.2,45.1,29.0,2.2,0.95,34.32,7.83,7.40,6.8,23.9,12.8,30.5,31.25,30.26,30.26,100,,74,4.7,Y,30,31.70,4.9
Carmelo Anthony,SF,POR,vs ORL,27th,110.50,6500,16.6,51.9,30.3,1.2,0.95,34.29,9.56,10.08,8.9,25.1,14.9,31.8,33.50,31.75,31.75,100,,67,4.9,Y,9,20.20,3.1
Davis Bertans,PF,WAS,@ TOR,25th,111.75,6400,18.9,51.4,27.1,1.6,0.92,33.36,9.94,9.27,9.46,17.6,11.1,29.3,34.25,32.83,32.83,100,,66,5.1,Y,38,24.10,3.8
Will Barton,SF,DEN,vs MIN,30th,112.75,6400,17.7,50.7,31.6,3.4,0.96,34.58,8.16,9.42,7.42,18.9,12.4,32.9,32.75,31.86,31.86,100,,70,5,Y,34,15.80,2.5
Mitchell Robinson,C,NYK,@ MIA,5th,104.25,6300,16.2,46.4,26.2,0.5,1.17,42.12,12.33,8.62,8.99,15.7,6.0,22.4,26.25,29.11,29.11,100,,67,4.6,,28,30.30,4.8
Steven Adams,C,OKC,vs PHX,12th,113.25,6300,16.4,50.3,30.3,2.8,1.11,39.78,10.77,9.68,8.53,17.5,7.9,27.4,28.50,30.96,30.96,100,,68,4.9,Y,26,26.80,4.3
Tristan Thompson,C,CLE,vs MEM,22nd,110.00,6200,15.4,52.5,32.4,2.3,1.04,37.36,9.63,10.59,8.23,19.3,11.0,31.2,30.75,31.27,31.27,100,,67,5,Y,32,32.50,5.2
Kelly Oubre Jr.,SF,PHX,@ OKC,12th,110.25,6100,17.9,58,32.1,1.4,0.98,35.22,10.50,11.45,10.35,22.6,14.0,32.8,35.50,35.08,35.08,100,,64,5.8,Y,33,23.80,3.9
Brandon Clarke,PF,MEM,@ CLE,25th,112.00,5900,16.1,43.2,25.2,1.1,1.16,41.89,10.73,7.74,7.3,19.9,8.8,21.7,24.50,27.74,27.74,100,,69,4.7,,17,11.10,1.9
Derrick Rose,PG,DET,@ BOS,3rd,101.00,5900,19.6,48.3,29.5,6.0,1.21,43.50,10.55,8.18,8.35,30.7,14.0,24.4,28.50,31.90,31.90,100,,72,5.4,,24,17.00,2.9
Blake Griffin,PF,DET,@ BOS,19th,101.00,5900,0,18.3,26.3,3.3,0.92,33.01,10.38,9.13,0,28.7,13.9,28.7,0.00,0.00,0.00,100,,65,0,,,,
Dennis Schroder,SG,OKC,vs PHX,18th,113.25,5900,14.1,48.6,27.8,3.6,0.94,33.81,12.02,9.85,10.18,28.0,14.4,29.6,30.50,28.92,28.92,100,,65,4.9,,34,39.80,6.7
Kendrick Nunn,PG,MIA,vs NYK,20th,112.25,5800,15.1,47.8,27.0,3.6,0.86,31.15,7.51,9.33,6.83,24.0,14.4,31.3,32.75,29.14,29.14,100,,65,5,Y,24,24.90,4.3
Thomas Bryant,C,WAS,@ TOR,27th,111.75,5700,0,18.7,31.1,2.7,1.10,39.57,9.39,9.34,0,18.4,10.2,28.3,0.00,0.00,0.00,100,,70,0,,,,
Rui Hachimura,PF,WAS,@ TOR,27th,111.75,5700,0,20.5,25.0,1.6,0.86,30.95,10.50,10.27,0,19.7,12.1,29.1,0.00,0.00,0.00,100,,59,0,,,,
OG Anunoby,SF,TOR,vs WAS,20th,117.75,5700,13.9,55.6,26.0,1.7,0.87,31.37,12.29,11.91,12.03,15.6,8.8,29.9,35.25,31.75,31.75,100,,54,5.6,Y,33,27.40,4.8
Jalen Brunson,PG,DAL,@ PHI,5th,102.00,5700,15,50.7,16.8,3.4,0.97,34.71,13.56,10.19,12.15,21.8,6.7,17.4,32.25,30.31,30.31,100,,39,5.3,Y,25,29.10,5.1
Robert Covington,PF,MIN,@ DEN,11th,102.75,5700,15.4,45.8,26.1,1.1,0.93,33.28,10.14,8.68,8.87,17.9,9.7,28.2,31.50,28.42,28.42,100,,67,5,Y,23,23.70,4.2
Jeff Teague,PG,MIN,@ DEN,9th,102.75,5700,11.9,50.6,29.1,6.9,0.97,35.03,11.18,11.05,9.39,19.5,9.8,29.9,30.25,28.47,28.47,100,,62,5,,26,21.40,3.8
Collin Sexton,PG,CLE,vs MEM,19th,110.00,5600,16.8,40.7,26.2,2.4,0.86,31.11,6.89,6.83,5.98,26.8,15.3,30.4,31.25,27.03,27.03,100,,74,4.8,Y,25,21.10,3.8
Aaron Gordon,PF,ORL,@ POR,29th,107.50,5600,14.6,48.3,27.9,2.9,0.89,31.95,9.16,9.62,8.21,20.2,11.9,31.4,32.25,29.05,29.05,100,,66,5.2,Y,30,33.20,5.9
Jonathan Isaac,SF,ORL,@ POR,17th,107.50,5600,15.8,57,32.6,1.3,1.07,38.56,12.91,11.77,11.39,18.6,10.4,30.5,31.75,33.44,33.44,100,,64,6,Y,30,29.80,5.3
Derrick Favors,PF,NOP,@ GSW,4th,112.00,5600,6.5,49.8,22.8,1.9,1.12,40.35,10.17,12.37,6.64,15.5,6.2,20.3,23.50,25.09,25.09,100,,46,4.5,Y,27,28.50,5.1
Marcus Morris,SF,NYK,@ MIA,8th,104.25,5500,11,53.2,30.2,1.4,0.94,33.90,10.35,12.06,8.98,23.6,14.2,32.1,31.25,29.12,29.12,100,,60,5.3,Y,27,23.10,4.2
Alec Burks,SF,GSW,vs NOP,14th,110.00,5500,11,47.8,27.7,3.0,0.95,33.97,9.37,10.50,7.48,22.6,12.3,29.3,28.75,26.78,26.78,100,,62,4.9,,30,43.10,7.8
Myles Turner,C,IND,vs SAC,2nd,107.25,5400,10.3,46.7,27.4,1.2,0.92,33.10,10.20,10.41,8.15,17.9,9.7,29.9,28.75,25.87,25.87,100,,62,4.8,Y,24,32.60,6
Josh Richardson,SG,PHI,vs DAL,20th,110.00,5400,13.3,47.1,26.5,3.1,0.86,31.11,10.52,9.64,9.35,22.2,12.6,30.7,32.00,27.77,27.77,100,,64,5.1,Y,33,26.20,4.9
Richaun Holmes,PF,SAC,@ IND,5th,102.25,5300,8.4,50.3,29.4,1.0,1.03,37.12,10.27,11.98,7.7,15.5,7.6,28.6,27.00,26.34,26.34,100,,59,5,Y,24,33.80,6.4
Marc Gasol,C,TOR,vs WAS,16th,117.75,5300,0,20.5,24.2,3.4,0.86,30.91,11.09,10.25,0,12.1,6.4,28.1,0.00,0.00,0.00,100,,58,0,,,,
Norman Powell,SG,TOR,vs WAS,23rd,117.75,5300,0,21.9,24.6,1.7,0.85,30.52,10.43,10.93,0,19.4,10.5,29.0,0.00,0.00,0.00,100,,56,0,,,,
RJ Barrett,SG,NYK,@ MIA,8th,104.25,5300,10.5,49.1,27.5,2.9,0.85,30.72,11.12,11.01,9.88,23.3,13.3,32.2,32.00,27.03,27.03,100,,60,5.1,Y,20,4.40,0.8
Frank Kaminsky,PF,PHX,@ OKC,13th,110.25,5300,11.5,45.6,23.6,2.5,0.98,35.27,11.18,9.75,8.31,19.9,9.5,24.1,26.75,26.08,26.08,100,,59,4.9,,11,6.90,1.3
Lonzo Ball,PG,NOP,@ GSW,10th,112.00,5300,8.5,43.8,25.4,5.5,0.90,32.53,8.51,10.10,6.09,19.6,10.0,28.1,25.75,23.63,23.63,100,,60,4.5,,22,34.00,6.4
Troy Brown,SF,WAS,@ TOR,11th,111.75,5200,11.1,41,21.1,2.3,0.93,33.39,10.00,8.54,7.15,16.0,6.9,22.7,25.75,23.92,23.92,100,,60,4.6,,27,18.40,3.5
Goran Dragic,PG,MIA,vs NYK,20th,112.25,5200,9.5,38.7,27.4,5.0,0.95,34.30,8.97,8.33,5.79,23.9,11.6,28.7,23.25,22.03,22.03,100,,70,4.2,,24,32.20,6.2
Evan Fournier,SG,ORL,@ POR,17th,107.50,5200,17.6,45.4,29.2,3.3,0.95,34.25,9.60,7.94,8.33,25.8,14.5,30.6,31.25,29.54,29.54,100,,73,5.7,Y,29,25.90,5
J.J. Redick,SG,NOP,@ GSW,21st,112.00,5200,11.7,44.7,23.4,2.1,0.81,28.97,8.93,9.42,7.69,19.0,11.3,29.0,31.00,25.82,25.82,100,,60,5,Y,33,19.30,3.7
Marvin Bagley III,PF,SAC,@ IND,23rd,102.25,5100,17.7,30.4,24.5,0.6,1.06,38.08,3.35,3.63,2.26,29.1,13.0,23.2,24.25,23.14,23.14,100,,85,4.5,,27,32.50,6.4
Luke Kennard,SF,DET,@ BOS,26th,101.00,5100,0,16.6,26.8,4.1,0.81,29.24,8.63,8.32,0,19.4,12.1,33.0,0.00,0.00,0.00,100,,69,0,,,,
Moritz Wagner,C,WAS,@ TOR,8th,111.75,5100,0,18.9,22.8,1.3,1.11,40.04,13.71,9.43,0,21.8,7.6,20.5,0.00,0.00,0.00,100,,59,0,,,,
T.J. Warren,SF,IND,vs SAC,26th,107.25,5000,10.3,46.8,26.2,1.1,0.80,28.92,9.70,10.44,8.76,22.1,14.1,32.6,32.50,25.95,25.95,100,,60,5.2,Y,29,32.30,6.5
Jeremy Lamb,SG,IND,vs SAC,11th,107.25,5000,0,16.8,27.2,2.4,0.90,32.37,7.36,8.38,0,20.7,11.7,30.3,0.00,0.00,0.00,100,,69,0,,,,
Dillon Brooks,SG,MEM,@ CLE,18th,112.00,5000,11.5,42.3,24.4,2.0,0.88,31.64,9.68,8.80,7.46,22.7,12.6,27.7,27.75,24.72,24.72,100,,64,4.9,Y,33,38.40,7.7
Paul Millsap,PF,DEN,vs MIN,8th,112.75,5000,9.9,42.2,25.5,1.3,1.00,36.07,11.40,9.22,7.68,20.5,9.1,25.4,24.25,23.77,23.77,100,,64,4.8,Y,25,24.30,4.9
Eric Paschall,PF,GSW,vs NOP,7th,110.00,5000,1.4,39,25.1,1.7,0.83,29.75,9.17,10.73,5.35,21.4,12.0,30.3,21.00,17.51,17.51,100,,57,3.5,,7,5.70,1.1
Isaiah Thomas,PG,WAS,@ TOR,11th,111.75,4900,12,41.9,22.6,4.9,0.89,32.21,12.35,8.55,9.43,22.9,11.2,25.3,27.50,24.79,24.79,100,,62,5.1,Y,27,24.90,5.1
Justise Winslow,SF,MIA,vs NYK,16th,112.25,4900,0,22.7,28.4,4.3,0.84,30.31,8.51,11.35,0,19.4,12.7,33.7,0.00,0.00,0.00,100,,60,0,,,,
Tyler Herro,SG,MIA,vs NYK,2nd,112.25,4900,4.6,41.6,22.8,2.1,0.78,28.26,9.95,10.57,7.05,21.8,12.0,29.1,25.50,20.46,20.46,100,,54,4.2,,25,15.40,3.1
Tim Hardaway Jr.,SF,DAL,@ PHI,13th,102.00,4900,8.4,44.1,19.8,1.7,0.77,27.90,11.57,10.20,9.88,20.9,10.9,25.6,30.75,23.72,23.72,100,,48,4.8,Y,32,35.30,7.2
Nemanja Bjelica,PF,SAC,@ IND,5th,102.25,4800,10.6,45.8,26.1,2.8,0.99,35.70,9.38,10.04,7.1,18.7,9.2,26.4,27.25,25.70,25.70,100,,62,5.4,Y,31,23.50,4.9
Marcus Smart,SG,BOS,vs DET,18th,110.00,4800,0,19.9,26.6,4.6,0.84,30.11,10.15,9.93,0,16.9,10.6,31.8,0.00,0.00,0.00,100,,63,0,,,,
Josh Hart,SG,NOP,@ GSW,21st,112.00,4800,11.3,45,23.9,1.5,0.85,30.53,10.36,9.62,8.49,16.0,9.1,28.2,29.50,25.72,25.72,100,,60,5.4,,27,19.00,4
Willie Cauley-Stein,C,GSW,vs NOP,4th,110.00,4800,13.9,36,24.5,1.5,1.08,38.92,10.49,6.31,6.56,15.8,6.5,22.7,22.50,23.41,23.41,100,,74,4.9,Y,28,27.40,5.7
Harrison Barnes,SF,SAC,@ IND,21st,102.25,4700,15.2,41.4,27.2,2.3,0.77,27.63,5.87,7.48,5.63,19.1,12.0,35.4,34.50,26.40,26.40,100,,73,5.6,Y,26,6.70,1.4
Derrick Jones Jr.,SF,MIA,vs NYK,16th,112.25,4700,7.1,41.2,18.2,1.2,0.82,29.72,10.09,9.72,7.29,14.7,5.6,22.1,26.00,21.71,21.71,100,,47,4.6,,26,24.40,5.2
Markelle Fultz,PG,ORL,@ POR,27th,107.50,4700,16.7,37.9,23.8,4.1,0.92,33.00,5.84,6.05,4.62,21.4,10.1,26.0,28.50,25.77,25.77,100,,75,5.5,Y,26,19.40,4.1
Bogdan Bogdanovic,SG,SAC,@ IND,1st,102.25,4600,0,22.5,25.5,3.9,0.92,33.05,11.52,11.25,0,24.0,12.0,27.8,0.00,0.00,0.00,100,,56,0,,,,
Ishmael Smith,PG,WAS,@ TOR,11th,111.75,4600,8.6,41.7,22.0,4.5,0.87,31.09,11.96,9.44,8.64,17.3,8.8,25.4,26.00,22.77,22.77,100,,57,5,,30,36.20,7.9
Elfrid Payton,PG,NYK,@ MIA,6th,104.25,4600,5.2,45,23.5,5.2,1.05,37.95,16.88,11.37,10.55,19.8,8.4,22.3,22.50,22.25,22.25,100,,52,4.8,,18,17.60,3.8
Dario Saric,PF,PHX,@ OKC,6th,110.25,4600,11.6,50.6,25.8,2.1,0.91,32.64,9.92,11.16,8.54,17.1,9.6,28.4,31.00,28.30,28.30,100,,57,6.2,Y,33,29.20,6.3
Nerlens Noel,PF,OKC,vs PHX,9th,113.25,4600,7.9,40.5,21.8,1.3,1.17,42.16,11.43,9.32,6.19,15.3,4.6,18.6,19.50,21.86,21.86,100,,57,4.8,,20,25.50,5.5
Gary Harris,SG,DEN,vs MIN,25th,112.75,4600,11.1,37.8,21.0,2.2,0.65,23.27,6.96,7.63,6.38,15.1,9.8,32.5,33.00,22.52,22.52,100,,64,4.9,Y,31,24.40,5.3
D.J. Augustin,PG,ORL,@ POR,27th,107.50,4600,9.9,37.3,21.3,4.8,0.83,29.80,10.25,7.81,7.47,18.3,8.2,25.7,26.25,21.66,21.66,100,,63,4.7,,29,21.70,4.7
Bruce Brown Jr.,SG,DET,@ BOS,26th,101.00,4500,7.2,49.7,21.9,3.6,0.84,30.25,12.57,12.14,10.91,16.2,7.1,26.1,31.25,25.45,25.45,100,,45,5.7,Y,28,21.50,4.8
Kent Bazemore,SF,POR,vs ORL,27th,110.50,4500,10.7,39.3,18.5,1.5,0.78,28.09,13.03,8.18,10.5,17.4,7.4,23.7,29.00,22.94,22.94,100,,56,5.1,Y,32,18.80,4.2
Glenn Robinson III,SF,GSW,vs NOP,24th,110.00,4500,9.6,38.1,22.4,1.6,0.70,25.39,7.75,8.14,6.51,15.4,10.2,31.8,30.25,21.81,21.81,100,,64,4.8,Y,28,16.10,3.6
Jaxson Hayes,C,NOP,@ GSW,19th,112.00,4500,7,37.4,20.7,0.8,0.97,35.00,9.54,8.67,5.5,16.1,5.4,21.3,20.75,20.03,20.03,100,,58,4.5,,20,20.70,4.6
Darius Garland,PG,CLE,vs MEM,19th,110.00,4400,8.3,33.5,17.3,3.1,0.61,21.99,6.63,7.18,5.48,21.2,10.8,28.3,29.75,19.10,19.10,100,,58,4.3,Y,29,22.00,5
Jae Crowder,SF,MEM,@ CLE,18th,112.00,4400,12.7,42.3,24.6,2.9,0.78,28.29,8.89,8.46,7.72,15.3,9.2,31.4,31.25,25.35,25.35,100,,66,5.8,Y,28,26.80,6.1
Daniel Theis,PF,BOS,vs DET,20th,110.00,4400,10.5,40.7,21.6,1.3,0.98,35.45,7.78,8.63,5.35,14.1,5.5,22.0,24.75,23.41,23.41,100,,60,5.3,Y,22,31.70,7.2
Christian Wood,PF,DET,@ BOS,19th,101.00,4400,0,24.4,18.4,0.5,1.20,43.18,24.81,12.21,0,21.0,5.4,15.3,0.00,0.00,0.00,100,,34,0,,,,
Duncan Robinson,SG,MIA,vs NYK,20th,112.25,4400,6.8,41.3,19.1,0.8,0.69,25.00,10.50,9.84,8.68,14.6,8.4,27.6,29.75,21.57,21.57,100,,48,4.9,Y,23,22.50,5.1
Dwight Powell,C,DAL,@ PHI,10th,102.00,4400,6.9,37.9,19.1,1.3,0.75,26.85,11.03,8.85,8.43,11.2,5.0,25.5,27.50,20.17,20.17,100,,54,4.6,Y,25,20.00,4.5
Mikal Bridges,SF,PHX,@ OKC,14th,110.25,4400,6.4,39.9,18.2,1.3,0.83,29.76,11.10,9.57,7.63,12.8,5.1,22.0,24.75,20.78,20.78,100,,47,4.7,,17,6.40,1.5
Gorgui Dieng,C,MIN,@ DEN,23rd,102.75,4400,9.4,44.1,15.4,1.0,1.19,43.00,16.57,9.94,10.13,16.6,4.2,12.9,22.00,24.26,24.26,100,,35,5.5,Y,24,27.20,6.2
Aaron Holiday,PG,IND,vs SAC,7th,107.25,4300,6.7,44.8,18.5,2.6,0.86,30.79,13.12,10.87,10.02,21.5,8.7,21.6,27.50,23.02,23.02,100,,41,5.4,Y,30,23.40,5.4
Jordan Clarkson,SG,CLE,vs MEM,29th,110.00,4300,8.9,38.8,21.5,2.5,0.94,34.03,10.09,8.56,6.59,26.0,11.0,22.8,23.50,21.71,21.71,100,,60,5,,30,43.70,10.2
De'Anthony Melton,PG,MEM,@ CLE,8th,112.00,4300,4.1,43.7,18.0,3.1,1.11,40.01,19.32,11.31,10.6,18.9,5.3,16.2,19.75,21.06,21.06,100,,37,4.9,,18,21.60,5
Ian Mahinmi,C,WAS,@ TOR,8th,111.75,4300,13.2,34,19.3,0.8,1.00,35.91,10.01,5.94,6.53,17.6,5.3,19.3,23.50,22.10,22.10,100,,69,5.1,Y,16,19.40,4.5
Aron Baynes,C,PHX,@ OKC,6th,110.25,4300,5.8,48.2,25.6,2.3,1.14,41.10,14.85,12.11,9.18,21.8,9.3,22.4,22.25,23.95,23.95,100,,53,5.6,Y,26,15.50,3.6
Mohamed Bamba,C,ORL,@ POR,18th,107.50,4300,3.5,32.8,16.7,0.5,1.07,38.70,16.00,8.36,7,19.6,5.5,15.6,15.75,16.08,16.08,100,,50,3.7,,13,15.20,3.5
T.J. McConnell,PG,IND,vs SAC,7th,107.25,4200,8.5,36.8,18.7,4.9,1.06,37.87,12.62,8.08,7.27,19.1,6.2,17.7,20.75,20.61,20.61,100,,57,4.9,,22,31.60,7.5
Reggie Jackson,PG,DET,@ BOS,3rd,101.00,4200,0,1.6,13.5,4.0,0.77,27.77,5.73,0.80,0,16.9,5.5,17.5,0.00,0.00,0.00,100,,0,0,,,,
Dorian Finney-Smith,SF,DAL,@ PHI,22nd,102.00,4200,11.6,35.2,19.0,1.2,0.68,24.48,6.86,6.74,6.05,12.6,6.7,27.9,31.75,21.72,21.72,100,,65,5.2,Y,31,27.20,6.5
Khem Birch,PF,ORL,@ POR,29th,107.50,4200,0,17.4,16.4,1.1,0.70,25.22,9.58,8.71,0,8.4,3.6,23.4,0.00,0.00,0.00,100,,47,0,,2,0.00,
Seth Curry,PG,DAL,@ PHI,5th,102.00,4100,2.7,39.4,16.8,1.8,0.76,27.50,12.43,10.48,8.37,17.1,7.2,22.0,24.25,18.39,18.39,100,,38,4.5,,21,10.50,2.6
Delon Wright,SG,DAL,@ PHI,5th,102.00,4100,1.2,41,20.4,3.3,1.00,35.90,15.27,11.37,8.27,13.4,5.6,20.5,19.50,18.25,18.25,100,,44,4.5,,23,33.40,8.1
Terrence Ross,SG,ORL,@ POR,17th,107.50,4100,10.6,33.5,20.2,1.0,0.82,29.51,9.63,6.54,6.62,22.9,10.9,24.6,24.75,20.38,20.38,100,,68,5,,22,12.40,3
Larry Nance Jr.,PF,CLE,vs MEM,23rd,110.00,4000,4.1,36.3,22.5,1.5,0.91,32.57,12.05,9.22,6.78,14.3,6.7,24.8,20.25,17.89,17.89,100,,59,4.5,,20,17.50,4.4
Kevin Porter Jr.,SF,CLE,vs MEM,29th,110.00,4000,5.7,32.1,16.1,2.0,0.76,27.43,8.90,7.56,5.5,18.3,6.9,21.1,22.25,17.00,17.00,100,,53,4.3,,23,14.00,3.5
Anzejs Pasecniks,C,WAS,@ TOR,8th,111.75,4000,17.3,17.3,,,,,,,0,,,,21.00,17.27,17.27,100,,0,4.3,,,,
Marquese Chriss,PF,GSW,vs NOP,7th,110.00,4000,0,36,20.3,1.9,1.13,40.91,14.05,10.42,5.46,18.8,5.4,17.9,14.00,15.19,15.19,100,,49,3.8,,13,12.00,3
Justin Holiday,SF,IND,vs SAC,11th,107.25,3900,9.7,38.2,19.1,1.5,0.76,27.26,10.04,8.15,8.09,13.1,6.7,25.2,29.00,21.92,21.92,100,,57,5.6,,23,25.10,6.4
Cedi Osman,SF,CLE,vs MEM,23rd,110.00,3900,6.5,37.1,19.5,2.1,0.67,24.25,9.25,8.74,7.32,15.4,8.4,28.9,28.50,19.65,19.65,100,,55,5,Y,21,17.40,4.5
Markieff Morris,SF,DET,@ BOS,19th,101.00,3900,14.8,41.4,18.4,1.6,0.83,29.86,13.69,7.62,12.36,21.5,8.3,22.2,32.50,26.19,26.19,100,,59,6.7,Y,31,26.20,6.7
Enes Kanter,C,BOS,vs DET,9th,110.00,3900,11.4,43.5,19.9,1.1,1.20,43.25,14.09,9.18,8.81,18.3,5.6,16.6,22.50,25.12,25.12,100,,54,6.4,,21,33.60,8.6
Patrick McCaw,SG,TOR,vs WAS,23rd,117.75,3900,10.6,27.4,8.7,1.7,0.41,14.74,10.18,4.81,8.27,9.2,3.2,21.3,29.25,17.79,17.79,100,,45,4.6,Y,34,19.70,5.1
Jordan McRae,SG,WAS,@ TOR,6th,111.75,3900,0,18.7,17.6,2.8,0.97,35.11,11.43,9.35,0,18.0,7.0,18.1,0.00,0.00,0.00,100,,47,0,,,,
Reggie Bullock,SG,NYK,@ MIA,8th,104.25,3900,0,0,,,,,,,0,,,,0.00,0.00,0.00,100,,0,0,,,,
Frank Ntilikina,PG,NYK,@ MIA,6th,104.25,3900,0,40,17.7,3.2,0.70,25.09,12.19,12.61,7.2,14.8,6.2,25.4,21.25,14.80,14.80,100,,29,3.8,Y,16,2.20,0.6
Maxi Kleber,PF,DAL,@ PHI,10th,102.00,3900,6.9,31.2,18.5,1.0,0.76,27.59,7.42,6.92,4.79,13.5,6.3,24.2,23.25,17.32,17.32,100,,63,4.4,,23,16.60,4.3
Ty Jerome,SG,PHX,@ OKC,14th,110.25,3900,0,14.5,12.9,2.3,0.95,34.18,18.68,7.23,0,17.6,4.9,13.6,0.00,0.00,0.00,100,,44,0,,11,5.40,1.4
Mason Plumlee,C,DEN,vs MIN,8th,112.75,3900,6.3,35.5,20.1,2.4,1.17,42.13,11.98,8.35,5.57,18.6,4.8,17.2,16.75,18.82,18.82,100,,58,4.8,,15,12.70,3.3
Jarrett Culver,SF,MIN,@ DEN,11th,102.75,3900,1.2,33.9,18.6,2.2,0.79,28.62,10.74,9.35,5.89,19.5,9.2,23.4,19.75,15.21,15.21,100,,50,3.9,,13,18.10,4.6
Monte Morris,PG,DEN,vs MIN,22nd,112.75,3900,1,33.4,15.8,3.4,0.89,31.96,14.35,9.25,6.78,19.3,6.4,17.8,17.00,14.88,14.88,100,,41,3.8,,14,12.70,3.3
Rodney Hood,SF,POR,vs ORL,19th,110.50,3900,0,17.1,19.4,1.5,0.66,23.75,8.95,8.54,0,13.0,8.2,29.5,0.00,0.00,0.00,100,,56,0,,,,
Jahlil Okafor,C,NOP,@ GSW,19th,112.00,3900,0,18.4,18.5,1.6,1.04,37.27,11.79,9.22,0,19.1,5.7,17.8,0.00,0.00,0.00,100,,50,0,,,,
Grayson Allen,SG,MEM,@ CLE,29th,112.00,3800,0,18.9,14.1,1.5,0.75,26.80,11.03,5.92,2.83,20.4,7.1,18.9,9.25,7.08,7.08,100,,58,1.9,,11,10.20,2.7
Andre Iguodala,SG,MEM,@ CLE,8th,112.00,3800,0,0,,,,,,,0,,,,0.00,0.00,0.00,100,,0,0,,,,
Langston Galloway,SG,DET,@ BOS,3rd,101.00,3800,13.3,36.4,18.3,1.4,0.68,24.40,8.01,6.60,7.73,16.5,8.6,27.0,34.75,23.21,23.21,100,,64,6.1,,27,12.40,3.3
Admiral Schofield,SF,WAS,@ TOR,25th,111.75,3800,0,32.5,7.9,0.6,0.70,25.23,18.96,9.29,9.88,9.1,2.9,11.3,18.75,13.92,13.92,100,,0,3.7,,22,11.00,2.9
Bobby Portis,C,NYK,@ MIA,26th,104.25,3800,2.6,34.8,19.6,1.2,0.92,33.02,10.19,9.20,5.17,20.3,8.5,21.4,18.25,16.38,16.38,100,,53,4.3,,25,51.60,13.6
Juan Jose Barea,PG,DAL,@ PHI,5th,102.00,3800,0,13.5,16.5,3.1,1.18,42.39,15.95,4.56,1.99,27.9,8.0,14.0,4.50,4.39,4.39,100,,72,1.2,,,,
Cameron Johnson,SF,PHX,@ OKC,12th,110.25,3800,4.9,34.7,16.5,1.0,0.79,28.26,10.84,8.49,6.7,17.2,7.3,21.0,22.25,17.67,17.67,100,,49,4.7,,17,11.10,2.9
Josh Okogie,SF,MIN,@ DEN,4th,102.75,3800,9.6,36,19.4,1.5,0.76,27.40,11.05,7.54,8.59,15.0,6.5,25.5,28.00,20.93,20.93,100,,61,5.5,Y,19,12.60,3.3
Jerami Grant,PF,DEN,vs MIN,30th,112.75,3800,7.7,32.8,17.7,1.0,0.78,28.02,8.35,7.19,5.39,18.2,7.8,22.7,23.25,18.45,18.45,100,,59,4.9,,23,14.00,3.7
Al-Farouq Aminu,PF,ORL,@ POR,17th,107.50,3800,0,19.4,15.3,1.2,0.72,26.09,14.30,9.71,0,13.5,4.8,21.2,0.00,0.00,0.00,100,,37,0,,,,
Damion Lee,SG,GSW,vs NOP,14th,110.00,3800,6.5,39.5,18.7,2.1,0.82,29.76,10.46,9.41,7.34,19.9,8.7,22.7,25.25,20.63,20.63,100,,50,5.4,Y,35,29.90,7.9
Trevor Ariza,SF,SAC,@ IND,21st,102.25,3700,4.2,32.8,14.6,1.2,0.65,23.22,13.92,8.17,9.76,12.1,4.7,22.6,25.25,16.45,16.45,100,,44,4.4,,,,
Dewayne Dedmon,C,SAC,@ IND,28th,102.25,3700,0,13.2,11.9,0.4,0.82,29.39,12.34,6.61,0,19.4,4.9,14.5,0.00,0.00,0.00,100,,44,0,,5,6.40,1.7
Tyus Jones,PG,MEM,@ CLE,29th,112.00,3700,0,29.8,17.0,4.9,0.85,30.53,12.90,8.64,5.29,15.5,6.1,20.0,14.75,12.54,12.54,100,,49,3.4,,19,17.30,4.7
Robert Williams,C,BOS,vs DET,9th,110.00,3700,0,17.2,16.4,1.1,1.15,41.45,12.66,8.61,0,11.9,2.6,14.2,0.00,0.00,0.00,100,,48,0,,,,
Dion Waiters,SF,MIA,vs NYK,2nd,112.25,3700,0,0,,,,,,,0,,,,0.00,0.00,0.00,100,,0,0,,,,
Matisse Thybulle,SF,PHI,vs DAL,19th,110.00,3700,0,34.5,13.9,1.3,0.78,27.93,19.95,10.33,9.98,14.7,3.7,17.9,18.00,13.85,13.85,100,,26,3.7,,14,3.00,0.8
Hamidou Diallo,SG,OKC,vs PHX,7th,113.25,3700,0,12.8,18.9,0.8,0.88,31.83,11.09,6.40,0,19.8,7.7,21.4,0.00,0.00,0.00,100,,66,0,,,,
Shabazz Napier,PG,MIN,@ DEN,9th,102.75,3700,4.2,35.5,16.3,3.3,0.92,33.13,14.45,8.94,8.23,19.1,6.1,17.7,20.50,17.60,17.60,100,,45,4.8,Y,20,18.30,4.9
Michael Carter-Williams,PG,ORL,@ POR,27th,107.50,3700,4,34.8,16.2,2.1,0.98,35.17,14.28,8.81,7.34,17.6,5.1,16.6,18.50,17.18,17.18,100,,46,4.6,,8,2.90,0.8
E'Twaun Moore,SF,NOP,@ GSW,21st,112.00,3700,0,24.4,16.8,1.5,0.83,29.76,8.28,8.24,2.19,19.0,8.6,20.3,9.50,7.87,7.87,100,,51,2.1,,5,1.50,0.4
Kenrich Williams,SF,NOP,@ GSW,4th,112.00,3700,2.6,36.9,18.0,1.7,0.72,26.10,14.86,9.82,9.6,10.0,4.8,24.9,23.25,17.30,17.30,100,,45,4.7,Y,28,18.90,5.1
Naz Long,SG,IND,vs SAC,11th,107.25,3600,0,14.9,11.9,2.3,0.83,29.89,13.06,7.45,0,16.3,5.3,14.3,0.00,0.00,0.00,100,,37,0,,,,
Cory Joseph,PG,SAC,@ IND,23rd,102.25,3600,2.7,32.5,17.4,3.9,0.66,23.77,9.87,8.52,6.44,14.7,6.4,26.3,23.50,15.47,15.47,100,,51,4.3,Y,28,15.40,4.3
Doug McDermott,SF,IND,vs SAC,26th,107.25,3600,4.3,29.1,14.5,1.1,0.69,25.05,9.07,7.10,5.42,18.3,7.5,20.9,21.50,14.94,14.94,100,,51,4.2,,22,21.70,6
Tony Snell,SG,DET,@ BOS,7th,101.00,3600,7.2,31.3,13.9,1.5,0.54,19.26,7.17,6.90,6.27,11.0,6.3,25.9,31.50,17.53,17.53,100,,50,4.9,Y,32,11.40,3.2
Tremont Waters,PG,BOS,vs DET,26th,110.00,3600,0,0,20.9,3.0,1.05,37.62,0.00,0.00,0,22.3,7.0,20.0,0.00,0.00,0.00,100,,0,0,,,,
Rondae Hollis-Jefferson,PF,TOR,vs WAS,23rd,117.75,3600,10.3,43.7,18.6,1.4,0.97,35.09,12.17,9.52,8.62,18.9,6.1,19.1,25.50,24.61,24.61,100,,49,6.8,,19,21.40,5.9
Norvel Pelle,PF,PHI,vs DAL,6th,110.00,3600,0,7.9,16.5,1.0,1.14,40.84,17.00,3.97,0,13.9,2.0,14.5,0.00,0.00,0.00,100,,76,0,,4,0.00,
Shake Milton,PG,PHI,vs DAL,2nd,110.00,3600,0,9.6,5.1,0.8,0.55,20.00,19.55,4.81,0,24.1,3.9,9.2,0.00,0.00,0.00,100,,6,0,,,,
Tyler Johnson,PG,PHX,@ OKC,17th,110.25,3600,0,14.5,12.8,2.1,0.67,24.18,11.58,7.26,0,16.5,5.8,19.0,0.00,0.00,0.00,100,,43,0,,,,
Treveon Graham,SG,MIN,@ DEN,4th,102.75,3600,0,22.9,12.3,1.0,0.59,21.36,10.77,7.50,3.89,13.8,5.9,20.8,13.00,7.89,7.89,100,,39,2.2,,7,3.40,0.9
Ky Bowman,PG,GSW,vs NOP,17th,110.00,3600,0,24.5,17.7,2.7,0.77,27.67,13.40,12.23,0,16.4,7.5,23.0,0.00,0.00,0.00,100,,31,0,,,,
Omari Spellman,PF,GSW,vs NOP,17th,110.00,3600,0,28.6,17.5,0.9,0.98,35.21,13.82,8.75,4.51,19.0,6.0,17.9,11.75,11.06,11.06,100,,50,3.1,,7,2.40,0.7
DaQuan Jeffries,SF,SAC,@ IND,1st,102.25,3500,0,4.7,2.4,0.5,0.44,15.38,9.40,2.35,0,2.4,0.5,5.5,0.00,0.00,0.00,100,,0,0,,,,
Caleb Swanigan,PF,SAC,@ IND,5th,102.25,3500,0,4.7,2.8,0.0,1.00,36.00,34.92,2.37,0,27.2,0.4,2.8,0.00,0.00,0.00,100,,15,0,,,,
Yogi Ferrell,PG,SAC,@ IND,23rd,102.25,3500,1,22,10.6,1.7,0.78,28.20,18.01,6.00,6.63,17.2,4.4,13.6,13.25,10.01,10.01,100,,43,2.9,,22,14.40,4.1
Alize Johnson,PF,IND,vs SAC,26th,107.25,3500,0,6.4,3.8,0.3,0.78,28.25,27.87,3.19,0,17.7,1.4,4.9,0.00,0.00,0.00,100,,16,0,,,,
Justin James,SG,SAC,@ IND,1st,102.25,3500,0,16.4,8.5,0.8,0.71,25.62,27.74,8.20,0,16.2,3.7,12.0,0.00,0.00,0.00,100,,4,0,,24,22.60,6.5
Goga Bitadze,C,IND,vs SAC,20th,107.25,3500,0,23.5,10.1,0.7,0.93,33.47,17.55,10.52,1.34,11.4,2.8,10.9,2.75,2.42,2.42,100,,0,0.7,,6,5.40,1.5
Kyle Guy,SG,SAC,@ IND,23rd,102.25,3500,0,0,,,,,,,0,,,,0.00,0.00,0.00,100,,0,0,,,,
JaKarr Sampson,SF,IND,vs SAC,26th,107.25,3500,0,16,12.4,0.4,0.67,24.25,10.49,8.02,0,13.5,4.6,18.4,0.00,0.00,0.00,100,,35,0,,,,
Edmond Sumner,PG,IND,vs SAC,7th,107.25,3500,0,21.4,11.4,1.8,0.75,27.05,7.83,7.07,2.12,21.9,4.4,15.2,9.75,7.25,7.25,100,,38,2.1,,17,5.70,1.6
Harry Giles,PF,SAC,@ IND,5th,102.25,3500,0,8.1,7.1,0.7,0.97,35.22,21.89,4.07,0,25.0,3.6,7.3,0.00,0.00,0.00,100,,43,0,,,,
TJ Leaf,PF,IND,vs SAC,2nd,107.25,3500,0,18,9.6,0.4,1.01,36.31,26.03,9.00,0,16.9,3.4,9.5,0.00,0.00,0.00,100,,6,0,,3,0.00,
Wenyen Gabriel,PF,SAC,@ IND,23rd,102.25,3500,0,11.3,5.6,0.4,0.81,29.32,19.84,5.67,0,24.0,2.3,6.9,0.00,0.00,0.00,100,,0,0,,,,
Alfonzo McKinnie,SF,CLE,vs MEM,23rd,110.00,3500,0,12.7,6.9,0.2,0.66,23.51,11.98,6.34,0,14.3,3.1,10.5,0.00,0.00,0.00,100,,8,0,,,,
Solomon Hill,SF,MEM,@ CLE,18th,112.00,3500,0.8,25.8,15.5,2.0,0.77,27.63,13.40,7.12,5.49,14.1,5.5,20.2,14.75,11.52,11.52,100,,54,3.3,,14,11.20,3.2
John Henson,PF,CLE,vs MEM,13th,110.00,3500,4,26.4,14.1,1.4,1.11,40.03,19.33,6.41,7.38,16.7,3.4,12.7,13.75,13.60,13.60,100,,55,3.9,,16,33.30,9.5
Matthew Dellavedova,PG,CLE,vs MEM,19th,110.00,3500,1.8,16.4,8.1,2.3,0.63,22.46,9.28,4.17,3.22,14.9,2.9,12.9,12.50,8.03,8.03,100,,49,2.3,,16,15.40,4.4
Marko Guduric,SG,MEM,@ CLE,8th,112.00,3500,0,13.7,10.1,1.4,0.69,24.72,11.75,6.86,0,18.3,4.8,14.7,0.00,0.00,0.00,100,,32,0,,,,
Kyle Anderson,SG,MEM,@ CLE,18th,112.00,3500,1.5,28,18.1,2.4,0.91,32.94,11.50,7.58,4.55,14.2,5.1,19.8,14.25,12.87,12.87,100,,58,3.7,,7,8.70,2.5
Ante Zizic,C,CLE,vs MEM,22nd,110.00,3500,0,8.9,8.3,0.0,0.81,29.11,10.89,4.44,0,17.0,3.2,10.2,0.00,0.00,0.00,100,,47,0,,,,
Brandon Knight,PG,CLE,vs MEM,19th,110.00,3500,0,13.7,9.2,1.8,0.82,29.44,38.57,6.87,0,23.8,4.8,11.2,0.00,0.00,0.00,100,,25,0,,,,
Yuta Watanabe,SG,MEM,@ CLE,29th,112.00,3500,0,5.4,3.8,0.0,0.84,30.00,28.86,2.71,0,18.0,1.5,4.5,0.00,0.00,0.00,100,,29,0,,,,
Dylan Windler,SG,CLE,vs MEM,29th,110.00,3500,0,0,,,,,,,0,,,,0.00,0.00,0.00,100,,0,0,,,,
John Konchar,SG,MEM,@ CLE,8th,112.00,3500,0,0,0.0,0.0,0.00,0.00,0.00,0.00,0,0.0,0.0,7.0,0.00,0.00,0.00,100,,0,0,,,,
Bruno Caboclo,SF,MEM,@ CLE,18th,112.00,3500,0,20,10.5,0.5,1.00,35.80,18.49,9.99,0,15.5,3.8,10.5,0.00,0.00,0.00,100,,5,0,,,,
Tyler Cook,PF,CLE,vs MEM,23rd,110.00,3500,0,4,3.8,0.0,1.19,42.30,31.73,1.98,0,23.7,1.2,3.2,0.00,0.00,0.00,100,,48,0,,,,
Dean Wade,PF,CLE,vs MEM,13th,110.00,3500,0,4.4,2.8,0.0,0.47,16.80,13.37,2.21,0,4.2,0.7,6.0,0.00,0.00,0.00,100,,21,0,,,,
Josh Jackson,SF,MEM,@ CLE,18th,112.00,3500,0,0,,,,,,,0,,,,0.00,0.00,0.00,100,,0,0,,,,
Sekou Doumbouya,PF,DET,@ BOS,7th,101.00,3500,0,4.2,2.1,0.0,0.70,25.20,22.10,2.10,0,22.4,1.5,3.0,0.00,0.00,0.00,100,,0,0,,10,5.20,1.5
Louis King,SF,DET,@ BOS,19th,101.00,3500,0,0,,,,,,,0,,,,0.00,0.00,0.00,100,,0,0,,,,
Javonte Green,SG,BOS,vs DET,18th,110.00,3500,0.9,18.1,5.7,0.3,0.73,26.39,14.17,4.89,4.43,13.3,2.2,7.8,11.25,8.27,8.27,100,,14,2.4,,18,10.30,2.9
Tacko Fall,C,BOS,vs DET,9th,110.00,3500,0,0,6.6,0.0,1.65,59.40,0.00,0.00,0,51.0,4.0,4.0,0.00,0.00,0.00,100,,0,0,,5,8.40,2.4
Thon Maker,C,DET,@ BOS,19th,101.00,3500,2,23.6,8.1,0.5,0.75,27.01,16.75,6.16,7.21,12.6,1.9,10.8,15.50,11.23,11.23,100,,24,3.2,,23,23.40,6.7
Tim Frazier,PG,DET,@ BOS,3rd,101.00,3500,0,15.7,8.9,2.9,0.88,31.81,21.20,6.01,2.65,21.4,3.1,10.1,4.50,3.69,3.69,100,,32,1.1,,7,9.50,2.7
Jordan Bone,PG,DET,@ BOS,3rd,101.00,3500,0,4.7,0.7,0.0,0.30,10.29,41.09,2.36,0,44.1,1.7,2.3,0.00,0.00,0.00,100,,0,0,,,,
Svi Mykhailiuk,SG,DET,@ BOS,3rd,101.00,3500,5.9,28.3,9.1,1.2,0.56,20.21,14.06,6.40,10.55,15.6,4.3,16.2,27.00,15.54,15.54,100,,30,4.4,Y,28,18.90,5.4
Grant Williams,PF,BOS,vs DET,20th,110.00,3500,2.1,23.4,8.1,0.8,0.56,20.18,10.87,6.08,5.74,13.0,2.8,14.5,19.00,11.26,11.26,100,,25,3.2,,30,23.60,6.7
Romeo Langford,SG,BOS,vs DET,18th,110.00,3500,0,0,1.5,1.0,0.30,10.80,0.00,0.00,0,0.0,0.0,5.0,0.00,0.00,0.00,100,,0,0,,18,11.00,3.1
Khyri Thomas,SG,DET,@ BOS,26th,101.00,3500,0,1,0.5,0.0,0.17,6.00,4.50,0.50,0,5.0,0.0,3.0,0.00,0.00,0.00,100,,0,0,,,,
Carsen Edwards,PG,BOS,vs DET,26th,110.00,3500,0,14.5,7.9,0.8,0.70,25.17,12.76,7.27,0,18.2,4.0,11.3,0.00,0.00,0.00,100,,8,0,,,,
Vincent Poirier,C,BOS,vs DET,9th,110.00,3500,0,10.4,5.2,0.3,1.06,38.05,26.61,5.18,0,19.2,1.6,4.9,0.00,0.00,0.00,100,,0,0,,,,
Brad Wanamaker,PG,BOS,vs DET,26th,110.00,3500,9.5,35.8,15.4,2.8,0.85,30.53,12.47,7.52,8.66,16.6,5.0,18.2,25.00,20.78,20.78,100,,51,5.9,,22,18.10,5.2
Semi Ojeleye,SF,BOS,vs DET,14th,110.00,3500,4.6,24.1,7.1,0.5,0.45,16.36,9.93,5.59,7.1,7.7,2.3,15.7,25.75,12.94,12.94,100,,21,3.7,Y,18,8.40,2.4
Garrison Mathews,SG,WAS,@ TOR,6th,111.75,3500,0,10.3,4.0,0.4,0.48,17.31,16.84,3.03,3.16,9.9,1.6,8.4,6.75,4.26,4.26,100,,24,1.2,,16,11.40,3.3
Oshae Brissett,SF,TOR,vs WAS,12th,117.75,3500,0,5.3,1.3,0.2,0.36,13.40,49.44,2.63,0,22.2,0.6,3.6,0.00,0.00,0.00,100,,0,0,,,,
Chris Boucher,PF,TOR,vs WAS,12th,117.75,3500,6.3,44.4,13.0,0.5,1.15,41.49,18.09,10.87,10.18,16.0,4.0,11.3,20.25,22.62,22.62,100,,16,6.5,,13,10.00,2.9
Terence Davis,SG,TOR,vs WAS,12th,117.75,3500,4.4,36.3,14.0,2.0,0.86,31.29,13.62,9.12,7.76,15.8,5.2,16.2,20.50,18.09,18.09,100,,35,5.2,,18,12.10,3.5
Dewan Hernandez,PF,TOR,vs WAS,12th,117.75,3500,0,7.5,3.6,0.0,1.29,47.13,41.98,3.77,0,25.8,1.3,2.8,0.00,0.00,0.00,100,,0,0,,,,
Matt Thomas,SG,TOR,vs WAS,23rd,117.75,3500,0,8.7,7.2,0.3,0.64,22.92,10.79,4.35,0,13.8,3.1,11.3,0.00,0.00,0.00,100,,40,0,,,,
Isaac Bonga,SF,WAS,@ TOR,11th,111.75,3500,4.8,28.5,11.0,1.2,0.67,24.03,13.79,6.75,8.14,11.0,2.9,16.4,21.25,14.95,14.95,100,,39,4.3,Y,12,2.70,0.8
Justin Robinson,PG,WAS,@ TOR,11th,111.75,3500,0,7.1,2.2,0.5,0.67,23.58,15.47,3.55,0,9.2,1.0,3.3,0.00,0.00,0.00,100,,0,0,,,,
Shamorie Ponds,PG,TOR,vs WAS,12th,117.75,3500,0,6.8,3.7,0.7,1.23,44.80,24.40,3.39,0,14.1,1.3,3.0,0.00,0.00,0.00,100,,8,0,,,,
Malcolm Miller,PF,TOR,vs WAS,12th,117.75,3500,0,10.9,3.0,0.3,0.61,22.21,15.00,3.84,1.98,8.4,1.0,4.9,4.75,3.22,3.22,100,,0,0.9,,14,3.20,0.9
Stanley Johnson,SF,TOR,vs WAS,20th,117.75,3500,0,4.8,2.9,0.0,0.76,27.28,17.22,2.39,0,29.9,1.8,3.8,0.00,0.00,0.00,100,,18,0,,,,
C.J. Miles,SF,WAS,@ TOR,25th,111.75,3500,0,15.6,13.4,1.2,0.84,30.43,10.53,7.80,0,19.2,5.9,15.9,0.00,0.00,0.00,100,,42,0,,,,
Kelly Olynyk,C,MIA,vs NYK,14th,112.25,3500,0,33.8,18.8,1.3,0.84,30.25,13.87,9.92,6.45,15.8,6.3,22.4,16.75,13.98,13.98,100,,47,4,,26,23.50,6.7
Chris Silva,PF,MIA,vs NYK,24th,112.25,3500,0,15.2,10.7,0.6,1.10,39.65,19.58,7.61,0,15.7,2.1,9.7,0.00,0.00,0.00,100,,29,0,,12,13.60,3.9
Damyean Dotson,SG,NYK,@ MIA,8th,104.25,3500,0,23.2,10.9,1.1,0.68,24.50,13.08,6.88,5,16.8,5.5,16.0,13.75,9.40,9.40,100,,37,2.7,,23,18.50,5.3
Kevin Knox,SF,NYK,@ MIA,26th,104.25,3500,3.7,29.2,15.3,1.3,0.77,27.49,9.38,7.28,5.08,17.9,6.9,20.0,19.50,14.64,14.64,100,,52,4.2,,21,16.60,4.7
Wayne Ellington,SG,NYK,@ MIA,27th,104.25,3500,0,11.7,9.1,1.0,0.57,20.44,10.25,5.85,0,16.1,5.1,15.9,0.00,0.00,0.00,100,,36,0,,,,
KZ Okpala,SF,MIA,vs NYK,16th,112.25,3500,0,0.2,0.1,0.0,0.10,2.40,3.39,0.09,0,13.0,0.0,1.0,0.00,0.00,0.00,100,,10,0,,,,
James Johnson,PF,MIA,vs NYK,24th,112.25,3500,0,17,8.4,0.7,0.74,26.58,21.94,8.48,0,13.0,3.0,11.3,0.00,0.00,0.00,100,,0,0,,,,
Ignas Brazdeikis,SF,NYK,@ MIA,8th,104.25,3500,0,6.2,3.4,0.3,0.51,18.38,16.83,3.10,0,22.2,2.9,6.7,0.00,0.00,0.00,100,,9,0,,,,
Taj Gibson,PF,NYK,@ MIA,26th,104.25,3500,3.1,28.1,14.3,1.3,0.86,30.85,8.83,7.16,4.11,13.4,4.3,16.7,16.75,13.81,13.81,100,,50,3.9,Y,14,12.40,3.5
Meyers Leonard,C,MIA,vs NYK,24th,112.25,3500,0,30.1,13.5,1.0,0.74,26.71,13.15,9.14,5.75,11.5,4.1,18.3,15.75,11.83,11.83,100,,32,3.4,Y,22,25.60,7.3
Daryl Macon,PG,MIA,vs NYK,20th,112.25,3500,0,2.8,0.6,0.3,0.17,6.43,7.35,1.39,0,10.5,0.8,3.5,0.00,0.00,0.00,100,,0,0,,,,
Allonzo Trier,SG,NYK,@ MIA,6th,104.25,3500,0,17.1,11.5,1.3,0.88,31.94,20.00,8.56,0,25.1,4.6,13.0,0.00,0.00,0.00,100,,26,0,,10,9.40,2.7
Udonis Haslem,PF,MIA,vs NYK,24th,112.25,3500,0,0.2,4.3,0.0,0.78,28.15,3.24,0.10,0,10.6,0.5,5.5,0.00,0.00,0.00,100,,0,0,,,,
Dennis Smith Jr.,PG,NYK,@ MIA,6th,104.25,3500,0,23.6,13.1,2.8,0.77,27.66,14.07,8.96,2.93,22.7,6.2,17.0,7.50,5.67,5.67,100,,32,1.6,,15,17.50,5
Kadeem Allen,SG,NYK,@ MIA,6th,104.25,3500,0,0,14.0,2.0,0.88,31.50,0.00,0.00,0,18.3,6.0,16.0,0.00,0.00,0.00,100,,0,0,,,,
Ivan Rabb,PF,NYK,@ MIA,26th,104.25,3500,0,0,,,,,,,0,,,,0.00,0.00,0.00,100,,0,0,,,,
James Ennis,SF,PHI,vs DAL,19th,110.00,3500,1.8,28,14.0,1.0,0.80,28.81,12.88,7.50,5.9,15.6,4.9,17.5,16.50,13.04,13.04,100,,46,3.7,,14,9.80,2.8
Josh Reaves,SG,DAL,@ PHI,13th,102.00,3500,0,0,,,,,,,0,,,,0.00,0.00,0.00,100,,0,0,,,,
Furkan Korkmaz,SG,PHI,vs DAL,20th,110.00,3500,0,22.1,12.9,0.9,0.61,22.02,11.77,7.28,3.92,16.1,6.8,21.0,12.00,7.57,7.57,100,,44,2.2,,13,8.90,2.5
Zhaire Smith,SG,PHI,vs DAL,2nd,110.00,3500,0,0,,,,,,,0,,,,0.00,0.00,0.00,100,,0,0,,,,
Jonah Bolden,PF,PHI,vs DAL,2nd,110.00,3500,0,6,2.0,0.0,0.80,28.80,51.00,3.00,0,23.1,0.5,2.5,0.00,0.00,0.00,100,,0,0,,,,
Marial Shayok,SG,PHI,vs DAL,20th,110.00,3500,0,0,,,,,,,0,,,,0.00,0.00,0.00,100,,0,0,,,,
Isaiah Roby,PF,DAL,@ PHI,10th,102.00,3500,0,0,,,,,,,0,,,,0.00,0.00,0.00,100,,0,0,,,,
Raulzinho Neto,PG,PHI,vs DAL,2nd,110.00,3500,0,21.5,8.7,1.6,0.72,26.00,16.09,7.51,4.02,15.4,3.3,12.1,9.00,6.52,6.52,100,,14,1.9,,7,4.00,1.1
Justin Jackson,SF,DAL,@ PHI,22nd,102.00,3500,0,23.3,10.3,0.5,0.72,25.93,15.69,6.70,6.1,16.8,5.2,14.3,14.00,9.87,9.87,100,,35,2.8,,,,
Boban Marjanovic,C,DAL,@ PHI,17th,102.00,3500,0,22.7,15.7,0.7,1.20,43.01,21.48,11.36,0,24.2,5.5,13.1,0.00,0.00,0.00,100,,28,0,,5,0.20,0.1
Ryan Broekhoff,PF,DAL,@ PHI,13th,102.00,3500,0,11.7,5.0,0.5,1.06,38.19,63.00,5.84,0,29.3,1.5,4.7,0.00,0.00,0.00,100,,0,0,,18,10.40,3
Courtney Lee,SG,DAL,@ PHI,13th,102.00,3500,0,11.7,5.6,0.4,0.65,23.53,20.53,5.83,0,14.9,2.8,8.6,0.00,0.00,0.00,100,,0,0,,,,
Antonius Cleveland,SG,DAL,@ PHI,13th,102.00,3500,0,0,,,,,,,0,,,,0.00,0.00,0.00,100,,0,0,,,,
Trey Burke,PG,PHI,vs DAL,2nd,110.00,3500,0,25.7,15.3,3.1,0.96,34.53,17.65,12.83,0,21.2,6.3,15.9,0.00,0.00,0.00,100,,16,0,,12,11.40,3.3
Kyle O'Quinn,C,PHI,vs DAL,17th,110.00,3500,0,18.3,11.4,1.4,1.15,41.51,15.96,9.13,0,15.7,2.8,9.9,0.00,0.00,0.00,100,,20,0,,1,0.00,
Mike Scott,PF,PHI,vs DAL,17th,110.00,3500,2.2,24.5,12.2,0.6,0.65,23.32,11.83,6.38,5.83,14.2,5.4,18.9,17.75,11.73,11.73,100,,48,3.4,,17,20.50,5.9
Cheick Diallo,PF,PHX,@ OKC,6th,110.25,3500,0,19.7,10.3,0.5,1.03,37.22,20.08,9.83,0,18.8,3.3,10.0,0.00,0.00,0.00,100,,5,0,,8,8.90,2.5
Darius Bazley,SF,OKC,vs PHX,9th,113.25,3500,0,23.4,10.3,0.4,0.63,22.81,14.68,6.68,6.22,13.2,3.6,16.3,15.25,10.05,10.05,100,,35,2.9,,18,23.60,6.7
Jared Harper,PG,PHX,@ OKC,14th,110.25,3500,0,0,0.0,0.0,0.00,0.00,0.00,0.00,0,20.0,1.0,2.0,0.00,0.00,0.00,100,,0,0,,,,
Deonte Burton,SG,OKC,vs PHX,7th,113.25,3500,0,10.2,6.1,0.4,0.66,23.95,9.78,5.12,0,15.7,3.0,9.2,0.00,0.00,0.00,100,,16,0,,2,2.00,0.6
Luguentz Dort,SG,OKC,vs PHX,18th,113.25,3500,0,4.5,5.7,0.4,0.35,12.62,5.09,2.26,0,9.9,3.2,16.2,0.00,0.00,0.00,100,,60,0,,,,
Andre Roberson,SG,OKC,vs PHX,7th,113.25,3500,0,0,,,,,,,0,,,,0.00,0.00,0.00,100,,0,0,,,,
Kevin Hervey,SF,OKC,vs PHX,3rd,113.25,3500,0,0,,,,,,,0,,,,0.00,0.00,0.00,100,,0,0,,,,
Elie Okobo,SG,PHX,@ OKC,14th,110.25,3500,0,25.8,9.9,2.4,0.93,33.30,19.14,8.85,4.79,18.9,3.7,10.7,9.00,8.11,8.11,100,,11,2.3,,15,26.20,7.5
Jevon Carter,PG,PHX,@ OKC,14th,110.25,3500,0,15.6,11.3,1.7,0.77,27.68,13.66,7.79,0,12.8,3.9,14.7,0.00,0.00,0.00,100,,31,0,,12,14.30,4.1
Abdel Nader,SF,OKC,vs PHX,3rd,113.25,3500,1.8,27.7,11.9,0.7,0.67,24.14,11.12,7.39,5.71,17.4,5.2,17.8,18.50,12.92,12.92,100,,38,3.7,,27,8.60,2.5
Justin Patton,C,OKC,vs PHX,12th,113.25,3500,0,0.6,1.7,0.0,0.38,13.60,7.80,0.30,0,18.1,1.5,4.5,0.00,0.00,0.00,100,,0,0,,,,
Terrance Ferguson,SG,OKC,vs PHX,7th,113.25,3500,5.6,26.3,11.2,1.0,0.43,15.28,6.56,5.92,5.24,9.3,4.9,26.3,28.75,14.45,14.45,100,,47,4.1,Y,19,6.50,1.9
Mike Muscala,PF,OKC,vs PHX,9th,113.25,3500,0,12.8,8.0,0.8,0.75,27.09,26.70,6.41,0,16.4,3.6,10.6,0.00,0.00,0.00,100,,20,0,,1,0.00,
Jalen Lecque,PG,PHX,@ OKC,14th,110.25,3500,0,0,,,,,,,0,,,,0.00,0.00,0.00,100,,0,0,,,,
Malik Beasley,SG,DEN,vs MIN,25th,112.75,3500,0,21.6,10.0,0.9,0.65,23.34,10.07,7.01,3.15,20.1,6.1,15.5,11.25,7.61,7.61,100,,30,2.2,,14,10.20,2.9
Vlatko Cancar,SF,DEN,vs MIN,30th,112.75,3500,0,0,0.0,0.0,0.00,0.00,0.00,0.00,0,0.0,0.0,2.0,0.00,0.00,0.00,100,,0,0,,,,
Jordan McLaughlin,PG,MIN,@ DEN,9th,102.75,3500,0,6,7.6,2.0,0.53,19.20,8.68,2.98,0,12.9,3.8,14.3,0.00,0.00,0.00,100,,61,0,,,,
PJ Dozier,SG,DEN,vs MIN,25th,112.75,3500,0,0,,,,,,,0,,,,0.00,0.00,0.00,100,,0,0,,,,
Noah Vonleh,PF,MIN,@ DEN,21st,102.75,3500,0,18.3,9.8,0.9,0.86,31.06,13.50,5.75,3.09,13.2,2.8,11.4,8.25,6.77,6.77,100,,41,1.9,,20,24.40,7
Juan Hernangomez,SF,DEN,vs MIN,30th,112.75,3500,0,14.1,8.3,0.7,0.60,21.75,14.31,7.05,0,14.5,3.9,13.8,0.00,0.00,0.00,100,,15,0,,,,
Michael Porter Jr.,PF,DEN,vs MIN,22nd,112.75,3500,0.5,22.3,9.0,0.4,1.01,36.45,20.01,6.21,5.7,25.1,4.1,8.9,10.25,9.85,9.85,100,,31,2.8,,10,9.50,2.7
Keita Bates-Diop,SF,MIN,@ DEN,9th,102.75,3500,0,30.8,13.0,0.6,0.70,25.14,12.88,9.56,5.99,12.4,5.3,18.6,16.75,11.65,11.65,100,,26,3.3,,19,11.40,3.3
Jake Layman,SF,MIN,@ DEN,11th,102.75,3500,0,13.9,18.4,0.8,0.70,25.14,6.46,6.94,0,16.6,9.4,26.4,0.00,0.00,0.00,100,,62,0,,,,
Bol Bol,C,DEN,vs MIN,21st,112.75,3500,0,0,,,,,,,0,,,,0.00,0.00,0.00,100,,0,0,,,,
Jaylen Nowell,PG,MIN,@ DEN,9th,102.75,3500,0,7.7,3.9,1.5,0.52,18.48,9.90,3.85,0,8.3,2.0,7.5,0.00,0.00,0.00,100,,0,0,,15,6.00,1.7
Jarred Vanderbilt,SF,DEN,vs MIN,22nd,112.75,3500,0,3,1.0,0.3,0.33,11.60,18.18,1.52,0,7.1,0.0,3.0,0.00,0.00,0.00,100,,0,0,,,,
Torrey Craig,SG,DEN,vs MIN,30th,112.75,3500,0,23.7,9.5,0.8,0.71,25.60,15.73,8.59,3.93,10.7,3.1,13.3,9.00,6.53,6.53,100,,10,1.9,,4,4.00,1.1
Jordan Bell,PF,MIN,@ DEN,21st,102.75,3500,2,26.3,9.7,0.7,0.95,34.26,20.21,6.95,7.86,18.1,2.5,10.2,14.00,12.39,12.39,100,,28,3.5,,16,18.10,5.2
Naz Reid,PF,MIN,@ DEN,23rd,102.75,3500,0,1.8,2.1,0.0,1.05,37.80,3.60,0.90,0,14.4,1.0,2.0,0.00,0.00,0.00,100,,0,0,,,,
Kelan Martin,SF,MIN,@ DEN,11th,102.75,3500,0,14.5,8.1,0.3,0.59,21.28,11.53,7.24,0,16.2,4.9,13.7,0.00,0.00,0.00,100,,11,0,,,,
Amile Jefferson,PF,ORL,@ POR,27th,107.50,3500,0,5.3,2.8,0.4,0.82,29.65,20.20,2.64,0,11.3,0.8,3.4,0.00,0.00,0.00,100,,6,0,,2,1.40,0.4
Moses Brown,C,POR,vs ORL,11th,110.50,3500,0,4.9,6.9,0.0,1.47,53.49,22.01,2.45,0,30.0,2.3,4.7,0.00,0.00,0.00,100,,64,0,,,,
Skal Labissiere,PF,POR,vs ORL,18th,110.50,3500,0,36.1,15.9,1.2,0.95,34.22,14.85,10.47,6.81,14.2,4.3,16.7,16.50,15.14,15.14,100,,34,4.3,,24,23.50,6.7
Jaylen Hoard,SF,POR,vs ORL,18th,110.50,3500,0,2.5,5.1,0.5,1.19,42.78,42.29,1.25,0,20.6,1.5,4.3,0.00,0.00,0.00,100,,75,0,,,,
Mario Hezonja,SF,POR,vs ORL,19th,110.50,3500,0,22.6,12.0,0.9,0.71,25.54,11.97,8.16,2.91,13.5,4.1,16.9,8.75,6.26,6.26,100,,32,1.8,,11,3.60,1
Anthony Tolliver,PF,POR,vs ORL,18th,110.50,3500,0,24.4,9.2,0.8,0.57,20.58,10.90,7.70,4.47,11.4,3.3,16.1,14.75,8.96,8.96,100,,16,2.6,,19,7.70,2.2
Gary Trent Jr.,SG,POR,vs ORL,24th,110.50,3500,0,23.1,6.6,0.5,0.70,25.15,14.46,7.00,5.12,16.7,3.3,9.4,12.75,9.08,9.08,100,,0,2.6,,18,6.20,1.8
Anfernee Simons,PG,POR,vs ORL,24th,110.50,3500,3.8,30.6,15.0,1.5,0.70,24.99,12.49,7.66,7.55,20.3,8.6,21.5,21.75,15.31,15.31,100,,49,4.4,,20,15.70,4.5
Melvin Frazier,SF,ORL,@ POR,27th,107.50,3500,0,2.8,1.5,0.2,0.47,17.33,12.29,1.39,0,16.7,1.8,3.2,0.00,0.00,0.00,100,,7,0,,2,4.20,1.2
Nassir Little,SF,POR,vs ORL,27th,110.50,3500,0,17.3,11.9,0.7,0.79,28.35,16.16,8.67,0,14.1,4.2,15.1,0.00,0.00,0.00,100,,27,0,,,,
Wesley Iwundu,SF,ORL,@ POR,17th,107.50,3500,0,10.3,8.6,0.8,0.64,22.92,10.87,5.14,0,16.0,3.2,13.4,0.00,0.00,0.00,100,,40,0,,13,10.10,2.9
Zach Collins,PF,POR,vs ORL,18th,110.50,3500,0,5.3,16.8,2.0,0.59,21.10,0.95,2.67,0,13.6,6.3,28.7,0.00,0.00,0.00,100,,84,0,,,,
Josh Magette,PG,ORL,@ POR,27th,107.50,3500,0,8.7,4.9,0.7,1.32,47.78,46.14,4.33,0,39.4,2.0,3.7,0.00,0.00,0.00,100,,12,0,,,,
B.J. Johnson,SF,ORL,@ POR,17th,107.50,3500,0,0,0.0,0.0,0.00,0.00,0.00,0.00,0,0.0,0.0,3.0,0.00,0.00,0.00,100,,0,0,,,,
Zylan Cheatham,PF,NOP,@ GSW,4th,112.00,3500,0,6.1,3.1,0.5,0.31,10.98,7.84,3.05,0,10.3,2.0,10.0,0.00,0.00,0.00,100,,0,0,,,,
Nicolo Melli,PF,NOP,@ GSW,4th,112.00,3500,0,19.6,11.3,1.1,0.75,27.20,13.93,9.81,0,16.4,4.3,15.0,0.00,0.00,0.00,100,,13,0,,,,
Kevon Looney,C,GSW,vs NOP,7th,110.00,3500,0,12.5,8.0,0.4,0.72,26.01,13.75,3.58,2.77,18.5,3.5,11.1,7.25,5.32,5.32,100,,55,1.5,,6,4.80,1.4
Jacob Evans III,SG,GSW,vs NOP,17th,110.00,3500,0,25.9,9.3,0.9,0.62,22.48,11.48,9.07,3.67,14.7,5.1,14.9,11.50,7.75,7.75,100,,2,2.2,,11,3.20,0.9
Zion Williamson,PF,NOP,@ GSW,4th,112.00,3500,0,0,,,,,,,0,,,,0.00,0.00,0.00,100,,0,0,,,,
Jordan Poole,SG,GSW,vs NOP,14th,110.00,3500,0,19.6,14.1,2.0,0.62,22.42,8.85,7.16,2.03,20.5,9.0,22.7,8.25,5.28,5.28,100,,49,1.5,,13,9.40,2.7
Josh Gray,PG,NOP,@ GSW,10th,112.00,3500,0,3.4,1.2,1.0,0.11,3.93,4.77,1.70,0,14.0,1.0,11.0,0.00,0.00,0.00,100,,0,0,,,,
Nickeil Alexander-Walker,SG,NOP,@ GSW,21st,112.00,3500,0,26.7,12.2,1.9,0.89,31.93,16.49,9.94,3.55,23.6,6.5,13.7,7.75,6.80,6.80,100,,19,1.9,,4,0.00,
Alen Smailagic,PF,GSW,vs NOP,7th,110.00,3500,0,0,,,,,,,0,,,,0.00,0.00,0.00,100,,0,0,,,,
Stephen Curry,PG,GSW,vs NOP,17th,110.00,3500,0,20.6,37.5,6.5,1.34,48.21,10.10,10.29,0,31.1,16.5,28.0,0.00,0.00,0.00,100,,73,0,,,,
Darius Miller,SF,NOP,@ GSW,4th,112.00,3500,0,0,,,,,,,0,,,,0.00,0.00,0.00,100,,0,0,,,,
Frank Jackson,PG,NOP,@ GSW,21st,112.00,3500,0,16.8,10.0,1.0,0.70,25.13,12.98,8.42,0,19.9,6.2,14.3,0.00,0.00,0.00,100,,16,0,,,,